carparkid,address,ev_station,rates_id, 
ACB,BLK 270/271 ALBERT CENTRE BASEMENT CAR PARK,yes,R1,
ACM,BLK 98A ALJUNIED CRESCENT,yes,R1,
AH1,BLK 101 JALAN DUSUN,no,R1,
AM14,BLK 227 ANG MO KIO ST 23,no,R2,
AM16,BLK 256A ANG MO KIO STREET 21,no,R1,
AM18,BLK 308C ANG MO KIO AVE 1,yes,R2,
AM19,BLK 260 ANG MO KIO ST 21,no,R2,
AM20,BLK 309B ANG MO KIO ST 31,yes,R1,
AM22,BLK 316B ANG MO KIO STREET 31,no,R1,
AM32,BLK 255A ANG MO KIO ST 21,no,R2,
AM43,BLK 455 ANG MO KIO ST 44,no,R2,
AM46,BLK 588 ANG MO KIO STREET 52,no,R1,
AM51,BLK 700 ANG MO KIO AVE 6,no,R1,
AM64,BLK 590 ANG MO KIO ST 51,no,R1,
AM79,BLK 596 ANG MO KIO STREEET 52,yes,R1,
AM80,BLK 130A ANG MO KIO ST 12,no,R2,
AM81,BLK 132A ANG MO KIO ST 12,no,R2,
AM96,BLK 352A ANG MO KIO STREET 32,yes,R1,
AR1L,3 AND 5 DOVER ROAD,no,R2,
AR1M,BLK 2A DOVER ROAD,no,R2,
AR2L,BLK 26 AND 27 DOVER CRESCENT,yes,R2,
AR2M,BLK 28 DOVER CRESCENT,yes,R1,
AR5M,BLK 19A DOVER CRESCENT,yes,R2,
AR7L,12 TO 14 DOVER CLOSE EAST,no,R2,
AR7M,BLK 12A DOVER CLOSE EAST,no,R2,
AR9,BLK 20/22/23 DOVER CRESCENT,yes,R1,
AV1,BLK 120/120A/121-127 ALEXANDRA VILLAGE,yes,R1,
A10,BLK 201/202 ANG MO KIO STREET 22,yes,R2,
A100,BLK 650 ANG MO KIO STREET 61,no,R2,
A11,BLK 223/226/226A-226D ANG MO KIO ST 22,yes,R1,
A13,BLK 232/233 ANG MO KIO ST 22,yes,R1,
A15,BLK 226E-226H ANG MO KIO ST 22,yes,R2,
A2,BLK 206/207 ANG MO KIO STREET 22,no,R1,
A20,BLK 304/307/319 ANG MO KIO ST 31,no,R1,
A21,BLK 325/326/301 ANG MO KIO STREET 31,no,R2,
A24,BLK 338/340 ANG MO KIO ST 32,yes,R2,
A25,BLK 330/337 ANG MO KIO AVE 8,yes,R1,
A26,BLK 113/114/118 ANG MO KIO AVE 4,no,R2,
A27,BLK 108/109/110 ANG MO KIO ST 11,yes,R2,
A28,BLK 103/105/107 ANG MO KIO ST 11,yes,R2,
A29,BLK 347 ANG MO KIO AVENUE 3,yes,R2,
A30,BLK 129/134 ANG MO KIO STREET 12,yes,R1,
A31,BLK 119/128 ANG MO KIO ST 12,no,R1,
A33,BLK 253/254 ANG MO KIO STREET 21,yes,R1,
A34,BLK 422/425 ANG MO KIO ST 42,yes,R2,
A35,BLK 426/428/435 ANG MO KIO ST 43,no,R2,
A36,BLK 436/443/445 ANG MO KIO ST 43,yes,R1,
A37,BLK 446/449/453 ANG MO KIO ST 43,yes,R2,
A38,BLK 407/410/421 ANG MO KIO AVE 10,no,R1,
A39,BLK 401/405 ANG MO KIO AVE 10,yes,R2,
A4,BLK 217/220 ANG MO KIO AVENUE 1,yes,R1,
A40,BLK 471/476 ANG MO KIO ST 44,no,R2,
A41,BLK 466/470 ANG MO KIO ST 44,no,R2,
A42,BLK 461/465 ANG MO KIO ST 44,yes,R1,
A43,BLK 457/458/460 ANG MO KIO ST 44,no,R1,
A44,BLK 459/456 ANG MO KIO ST 44,yes,R1,
A45,BLK 570/578 ANG MO KIO ST 51,no,R2,
A47,BLK 562/565/560 ANG MO KIO STREET 54,yes,R2,
A48,BLK 571/73 ANG MO KIO ST 51,yes,R2,
A49,BLK 555/559 ANG MO KIO STREET 54,yes,R1,
A50,BLK 548/552/556 ANG MO KIO STREET 54,no,R1,
A51,BLK 252/253A ANG MO KIO STREET 21,no,R2,
A52,BLK 701/716 ANG MO KIO AVE 3/6,no,R1,
A53,BLK 712A ANG MO KIO AVE 3/6,no,R1,
A54,BLK 727/728 ANG MO KIO AVE 6,no,R1,
A59,BLK 547/551 ANG MO KIO ST 54,no,R2,
A60,BLK 540/546 ANG MO KIO ST 54,no,R2,
A61,BLK 520/534/529 ANG MO KIO AVE 5/10,no,R1,
A63,BLK 501/513/508 ANG MO KIO ST 52/53,no,R2,
A64,BLK 584/586 ANG MO KIO ST 51,yes,R1,
A65,BLK 558/560 ANG MO KIO STREET 54,no,R2,
A66,BLK 601/604/603 ANG MO KIO AVE 5,no,R1,
A67,BLK 605/612 ANG MO KIO AVE 4/5,yes,R1,
A68,BLK 620/624/626 ANG MO KIO ST 61,yes,R1,
A69,BLK 623/625/627 ANG MO KIO ST 61,no,R2,
A7,BLK 212/213 ANG MO KIO STREET 23,yes,R2,
A70,BLK 629/626 ANG MO KIO AVE 4,no,R1,
A71,BLK 628/632 ANG MO KIO ST 61,yes,R2,
A72,BLK 633/640 ANG MO KIO ST 61,no,R2,
A73,BLK 641/645 ANG MO KIO ST 61,yes,R1,
A74,BLK 646/649 ANG MO KIO ST 61,yes,R2,
A75,BLK 177/182 ANG MO KIO AVE 4,no,R2,
A76,BLK 613A ANG MO KIO AVENUE 4,no,R2,
A77,BLK 150/156 ANG MO KIO AVE 5,no,R2,
A78,BLK 157/163 ANG MO KIO AVE 4,no,R1,
A8,BLK 209/210 ANG MO KIO STREET 22,yes,R1,
A81,BLK 170/172 ANG MO KIO ST 13,no,R2,
A82,BLK 173/176 ANG MO KIO AVE 4,no,R1,
A85,BLK 340 ANG MO KIO ST 32,no,R1,
A87,BLK 462/463 ANG MO KIO ST 44,no,R2,
A88,BLK 348 ANG MO KIO AVE 3,yes,R1,
A9,BLK 202/203 ANG MO KIO STREET 22,no,R1,
A94,BLK 104C ANG MO KIO STREET 11,no,R1,
A98,BLK 259 ANG MO KIO AVE 2,yes,R1,
BA1,106 BIDADARI PARK DRIVE,yes,R2,
BA2,BLK 117 ALKAFF CRESCENT,no,R2,
BA3,BLK 101 BIDADARI PARK DRIVE,yes,R2,
BA4,BLK 113 ALKAFF CRESCENT,no,R2,
BBB,BLK 232 BRAS BASAH BASEMENT CAR PARK,yes,R1,
BBM1,BLK 188A BUKIT BATOK WEST AVE 6,no,R2,
BBM2,BLK 628A BUKIT BATOK CENTRAL,no,R2,
BBM3,BLK 289H BUKIT BATOK STREET 25,no,R2,
BBM5,BLK 290H BUKIT BATOK STREET 24,no,R1,
BBM8,BLK 622A BUKIT BATOK CENTRAL,yes,R1,
BBM9,BLK 395A BUKIT BATOK WEST AVE 5,no,R2,
BE10,BLKS 168-180 BISHAN STREET 13,yes,R2,
BE11,BLK 181-186 BISHAN STREET 13,yes,R2,
BE13,BLK 135A BISHAN STREET 12,yes,R2,
BE14,BLK 167A BISHAN STREET 13,no,R2,
BE18,BLK 441-455 SIN MING/BRIGHT HILL DRIVE,no,R1,
BE19,BLK 503/504 BISHAN STREET 11,yes,R1,
BE22,BLK 511/513 BISHAN STREET 13,no,R1,
BE23,BLK 514 BISHAN STREET 13,no,R1,
BE25,BLK 207A BISHAN STREET 23,yes,R1,
BE26,BLK 207/212/216/217 BISHAN STREET 23,no,R1,
BE27,BLK 212A BISHAN STREET 23,yes,R2,
BE28,"BLK 213-215,218-227 BISHAN STREET 23",yes,R2,
BE29,BLK 228-231 BISHAN STREET 23,yes,R1,
BE3,BLK 401-408 SIN MING AVE,no,R1,
BE3R,BLK 410A SIN MING AVE,no,R1,
BE30,BLK 231A BISHAN STREET 23,no,R2,
BE31,BLK 232-237 BISHAN STREET 22,no,R2,
BE32,BLK 237A BISHAN STREET 22,no,R1,
BE33,BLK 238-245 BISHAN STREET 22,yes,R2,
BE34,BLK 246A BISHAN STREET 22,no,R1,
BE35,BLK 246-256 BISHAN STREET 22,no,R1,
BE36,BLK 278-281 BISHAN STREET 24,yes,R1,
BE37,BLK 282 BISHAN STREET 22,yes,R1,
BE38,BLK 283/284 BISHAN STREET 22,yes,R2,
BE4,BLK 101-116 BISHAN STREET 12,yes,R1,
BE42,BLK 290A BISHAN STREET 24,no,R1,
BE44,BLK 448A BRIGHT HILL DRIVE,yes,R1,
BE5,BLK 117-134 BISHAN STREET 12,yes,R2,
BE6,BLK 135/138 BISHAN STREET 12,no,R1,
BE7,BLK 139-144 BISHAN STREET 12,yes,R2,
BE8,"BLK 145-150A, 151 BISHAN STREET 11",yes,R2,
BE9,BLK 153-167 BISHAN STREET 13,yes,R2,
BJAL,BLK 517 - 519 JELAPANG ROAD,no,R2,
BJBL,BLK 533 - 534 BUKIT PANJANG RING ROAD,no,R1,
BJMP,BLK 259B BANGKIT ROAD,no,R1,
BJ1,BLK 130-140 CASHEW ROAD,no,R1,
BJ13,BLK 270-277 BANGKIT ROAD,no,R2,
BJ14,BLK 257 BANGKIT ROAD,no,R2,
BJ15,BLK 259A BANGKIT ROAD,no,R1,
BJ16,BLK 259A BANGKIT ROAD,yes,R2,
BJ19,BLK 409-419 FAJAR ROAD,no,R2,
BJ2,BLK 141-151 GANGSA/PETIR ROAD,no,R2,
BJ20,BLK 420-426 FAJAR ROAD,no,R1,
BJ21,BLK 427-435 BUKIT PANJANG RING ROAD,no,R2,
BJ23,BLK 258 BUKIT PANJANG RING ROAD,yes,R1,
BJ24,BLK 436-441 FAJAR ROAD,no,R2,
BJ25,BLK 453A FAJAR ROAD,yes,R1,
BJ26,BLK 449A BUKIT PANJANG RING ROAD,yes,R2,
BJ27,BLK 442A FAJAR ROAD,yes,R2,
BJ29,BLK 505A JELAPANG ROAD,no,R2,
BJ30,BLK 510A JELAPANG ROAD,no,R2,
BJ31,BLK 513A JELAPANG ROAD,no,R2,
BJ32,BLK 518A JELAPANG ROAD,no,R2,
BJ34,BLK 517A JELAPANG ROAD,no,R2,
BJ35,BLK 521A JELAPANG ROAD,no,R2,
BJ36,BLK 525A JELAPANG ROAD,yes,R2,
BJ37,BLK 529A JELAPANG ROAD,no,R2,
BJ38,BLK 533A BUKIT PANJANG RING ROAD,yes,R1,
BJ39,BLK 537A BUKIT PANJANG RING ROAD,no,R2,
BJ4,BLK 219/233 PETIR ROAD,yes,R2,
BJ40,BLK 541A BUKIT PANJANG RING ROAD,no,R2,
BJ41,BLK 152A GANGSA ROAD,yes,R1,
BJ43,BLK 603A SENJA ROAD,yes,R2,
BJ44,BLK 177A LOMPANG ROAD,yes,R1,
BJ48,BLK 651A SENJA LINK,no,R1,
BJ49,BLK 611A/613A/615A/616A BUKIT PANJANG RING ROAD/SENJA ROAD,yes,R1,
BJ50,BLK 468A SEGAR ROAD,no,R2,
BJ51,BLK 181A JELEBU ROAD,no,R1,
BJ52,BLK 185A JELEBU ROAD,no,R1,
BJ53,BLK 480A SEGAR ROAD,yes,R2,
BJ54,BLK 476A SEGAR ROAD,no,R2,
BJ55,BLK 625A SENJA ROAD,no,R2,
BJ56,BLK 629A SENJA ROAD,yes,R2,
BJ57,BLK 628 SENJA RD,no,R1,
BJ58,BLK 455A SEGAR ROAD,no,R1,
BJ60,BLK 547 SEGAR ROAD,yes,R2,
BJ61,BLK 548 SEGAR ROAD,no,R2,
BJ62,BLK 454 FAJAR ROAD,no,R2,
BJ63,BLK 443 FAJAR ROAD,yes,R1,
BJ66,BLK 634 SENJA ROAD,no,R2,
BJ67,BLK 636 SENJA ROAD,no,R1,
BJ68,BLK 422A FAJAR ROAD,no,R1,
BJ8,BLK 201/218 PETIR ROAD,no,R1,
BKE1,BLK 668 CHANDER ROAD,yes,R1,
BKE4,BLK 684/685 RACE COURSE ROAD,yes,R1,
BKE9,BLK 668 CHANDER ROAD,no,R1,
BKRM,BLK 6A BOON KENG ROAD,no,R1,
BLM,BLK 10 BENDEMEER ROAD,no,R1,
BL10,BLK 188/191 BOON LAY DRIVE,no,R1,
BL15,BLK 257A BOON LAY DRIVE,yes,R2,
BL17,BLK 268 BOON LAY DRIVE,yes,R1,
BL18,BLK 208A BOON LAY PLACE,no,R1,
BL19,BLK 212A BOON LAY PLACE,yes,R2,
BL22,196 BOON LAY DR,no,R1,
BL23,216 BOON LAY AVE,no,R1,
BL3,BLK 174/179 BOON LAY DRIVE,yes,R1,
BL8L,BLK 221 BL8 BOON LAY PLACE,no,R2,
BMVM,BLK 126A BUKIT MERAH VIEW,no,R2,
BM10,BLK 56/57 LENGKOK BAHRU,no,R2,
BM13,BLK 44/47 LENGKOK BAHRU,no,R2,
BM14,BLK 34-36 JALAN RUMAH TINGGI,yes,R1,
BM19,BLK 88/89 REDHILL CLOSE,yes,R2,
BM20,BLK 89/90 REDHILL CLOSE,yes,R2,
BM31,BLK 119 BUKIT MERAH CENTRAL,no,R1,
BM4,BLK 35A JALAN RUMAH TINGGI,no,R1,
BM5,BLKS 8/10 JALAN RUMAH TINGGI,yes,R2,
BM6,BLK 61 LENGKOK BAHRU,no,R2,
BP2,BLK 110/115 BUKIT PURMEI ROAD,yes,R2,
BRBL,BLK 665 BUFFALO ROAD LOADING/UNLOADING BAYS,no,R1,
BRB1,BLK 665 BUFFALO ROAD BASEMENT CAR PARK,no,R2,
BRM,BLK 39 BENDEMEER ROAD,no,R2,
BRM1,BLK 112A WHAMPOA ROAD,no,R1,
BRM5,BLK 19A JALAN TENTERAM,yes,R1,
BRM6,BLK 116 JALAN TENTERAM,no,R1,
BRM7,BLK 78A LORONG LIMAU,no,R2,
BR10,BLK 90 WHAMPOA DRIVE,no,R1,
BR11,BLKS 27-30 & 32-33 JALAN BAHAGIA,yes,R1,
BR12,BLKS 34/35 JALAN BAHAGIA,no,R2,
BR14,BLK 20 JALAN TENTERAM,yes,R2,
BR4,BLK 81/89 WHAMPOA DRIVE,no,R1,
BR6,BLK 92 WHAMPOA DRIVE,no,R2,
BR8,BLK 76/77 LORONG LIMAU,yes,R2,
BR9,BLK 69 MOULMEIN ROAD,no,R1,
BTM3,BLK 11A BOON TIONG ROAD,yes,R1,
BVM2,BLK 129A BUKIT MERAH VIEW,yes,R2,
B10M,BLK 431 BEDOK NORTH ROAD,no,R1,
B11,BLK 416/418 BEDOK NORTH AVENUE 2,yes,R1,
B19,BLK 37/38/43/60 BEDOK SOUTH ROAD,no,R1,
B21,BLK 74/82 BEDOK NORTH ROAD,yes,R2,
B23M,BLK 187 BEDOK NORTH ST 4,yes,R1,
B24,BLK 84/89 BEDOK NORTH AVENUE 4,no,R2,
B25,BLK 91/97 BEDOK NORTH AVENUE 4,no,R2,
B26,BLK 98/100 BEDOK NORTH AVENUE 4,no,R2,
B27,BLK 101/106 BEDOK NORTH AVENUE 4,no,R1,
B28,BLK 107/110 BEDOK NORTH ROAD,yes,R2,
B32,BLK 130/132 BEDOK NORTH STREET 2,no,R2,
B33,BLK 131/133 BEDOK NORTH AVENUE 3,no,R2,
B34,BLK 134/136 BEDOK NORTH AVENUE 3,yes,R1,
B35,BLK 137/140 BEDOK NORTH AVENUE 3,yes,R2,
B40,BLK 504/507 BEDOK NORTH STREET 3,no,R1,
B41,BLK 510 BEDOK NORTH STREET 3,yes,R2,
B43,BLK 519/522 553 BEDOK NORTH AVENUE 1/2,yes,R2,
B44,BLK 528/536 BEDOK NORTH STREET 3,yes,R2,
B44B,BLKS 556/557 BEDOK NORTH STREET 3,yes,R2,
B46,BLK 537/538 BEDOK NORTH STREET 3,yes,R1,
B47,BLK 540/542 BEDOK NORTH STREET 3,no,R2,
B48,BLK 543/547 BEDOK NORTH STREET 3,yes,R1,
B48B,BLK 547C BEDOK NORTH AVENUE 1,yes,R1,
B49,BLK 549/551 BEDOK NORTH AVENUE 1,no,R2,
B50,BLK 601/605 BEDOK RESERVOIR ROAD,no,R2,
B54,BLK 630/632 BEDOK RESERVOIR ROAD,no,R1,
B57,BLK 701/708 BEDOK RESERVOIR ROAD,no,R1,
B59,BLK 716/718/721 BEDOK RESERVOIR ROAD,no,R1,
B60,BLK 722/725 BEDOK RESERVOIR ROAD,yes,R1,
B65M,BLK 154 BEDOK SOUTH ROAD,yes,R2,
B67,BLK 649A JALAN TENAGA,no,R1,
B69,BLK 94A BEDOK NORTH AVENUE 4,yes,R1,
B7B,BEDOK CENTRAL,no,R2,
B72,BLK 660A JALAN TENAGA,yes,R2,
B73,BLK 651A JALAN TENAGA,no,R1,
B74,BLK 671A JALAN DAMAI,no,R1,
B75,BLK 613C BEDOK RESERVOIR ROAD,no,R1,
B79,BLK 772A BEDOK RESERVOIR VIEW,no,R1,
B81,BLK 30A NEW UPPER CHANGI ROAD,yes,R1,
B83,BLK 21A CHAI CHEE ROAD,no,R1,
B85,BLK 184 BEDOK NORTH RD,yes,R2,
B86,BLK 114A BEDOK NORTH ST 2,yes,R1,
B89,BLK 116A BEDOK NORTH ROAD,no,R1,
B91,BLK 630 BEDOK RESERVOIR ROAD,no,R1,
B92,BLK 2A BEDOK SOUTH AVE 1,no,R2,
B94,BLK 513A BEDOK NORTH AVE 2,yes,R2,
B94A,"BLK 512 TO 518, 554 BEDOK NORTH AVE 2",no,R2,
B95,BLK 220 BEDOK CENTRAL,yes,R1,
B96,BLK 219 BEDOK CENTRAL,no,R1,
B97,BLK 714A BEDOK RESERVOIR ROAD,yes,R2,
B98,BLK 748 BEDOK RESERVOIR CRESCENT,no,R1,
B99M,BLK 807 CHAI CHEE ROAD,no,R1,
CAM,BLK 88 TANGLIN HALT RD,yes,R1,
CCKC,309 CHOA CHU KANG AVE 4,yes,R1,
CC1,BLK 1/2 CHAI CHEE STREET,yes,R2,
CC10,BLK 43/45 CHAI CHEE STREET,no,R2,
CC11,BLK 50/54 CHAI CHEE STREET,no,R2,
CC12,BLK 11 CHAI CHEE ROAD,no,R2,
CC4,"BLK 22/24, 59/63, 803/805 CHAI CHEE ROAD",yes,R1,
CC8,BLK 55/58 CHAI CHEE DRIVE,no,R2,
CC9,BLK 41/42 CHAI CHEE STREET,yes,R1,
CDM,BLK 54 C'WEALTH DR,no,R1,
CKM2,BLK 625A CHOA CHU KANG STREET 62,no,R1,
CKM3,BLK 445A CHOA CHU KANG AVE 4,no,R1,
CKM4,BLK 474A CHOA CHU KANG AVE 3,no,R2,
CKM5,BLK 450A CHOA CHU KANG AVE 4,no,R1,
CKM6,BLK 462A CHOA CHU KANG AVE 4,yes,R2,
CKM7,BLK 483A CHOA CHU KANG AVE 5,yes,R2,
CKM8,BLK 486A CHOA CHU KANG AVE 5,no,R1,
CKM9,BLK 297B CHOA CHU KANG AVE 2,no,R2,
CKT2,BLK 302 CHOA CHU KANG LOOP,no,R2,
CK1,BLK 101/108 TECK WHYE LANE,no,R1,
CK10,BLK 227A CHOA CHU KANG CENTRAL,yes,R2,
CK11,BLK 287A CHOA CHU KANG AVENUE 2,no,R1,
CK14,BLK 278/287 CHOA CHU KANG AVENUE 2/3,yes,R1,
CK15,BLK 288/295 CHOA CHU KANG AVENUE 2/3,yes,R2,
CK18,BLK 130/132 CHOA CHU KANG AVE 1,no,R2,
CK2,BLK 109/117 TECK WHYE LANE,yes,R1,
CK32,BLK 253A CHOA CHU KANG AVE 1,no,R1,
CK35,BLK 513A CHOA CHU KANG STREET 51,no,R1,
CK52,BLK 659A/660A/661A CHOA CHU KANG CRESCENT,no,R2,
CK53,BLK 668A CHOA CHU KANG CRESCENT,no,R1,
CK54,BLK 638-643 CHOA CHU KANG STREET 64,yes,R2,
CK56,BLK 675A CHOA CHU KANG CRESCENT,yes,R2,
CK57,BLK 669A CHOA CHU KANG CRESCENT,no,R1,
CK58,BLK 678A CHOA CHU KANG CRESCENT,no,R2,
CK59,BLK 297A CHOA CHU KANG AVE 2,no,R1,
CK6,"BLK 143, 144 & 146 TECK WHYE LANE",yes,R1,
CK6A,BLK 146A 146A TECK WHYE AVENUE,no,R1,
CK62,BLK 687 CHOA CHU KANG DRIVE,yes,R2,
CK63,BLK 689 CHOA CHU KANG CRESCENT,yes,R2,
CK64,BLK 692 CHOA CHU KANG CRESCENT,no,R1,
CK65,"BLK 535,536 AND 537 CHOA CHU KANG STREET 51",no,R1,
CK66,BLK 573A CHOA CHU KANG STREET 52,no,R2,
CK70,BLK 476 CHOA CHU KANG AVE 5,no,R2,
CK71,BLK 488 CHOA CHU KANG AVE 5,no,R2,
CK72,BLK 489 CHOA CHU KANG AVE 5,no,R1,
CK73,BLK 801 KEAT HONG CLOSE,yes,R1,
CK74,BLK 805 KEAT HONG CLOSE,yes,R2,
CK75,BLK 809 CHOA CHU KANG AVENUE 1,no,R1,
CK76,BLK 810 CHOA CHU KANG AVE 7,yes,R2,
CK77,BLK 815 CHOA CHU KANG AVE 7,no,R2,
CK78,817 KEAT HONG LINK,no,R1,
CK9,BLK 223-227 CHOA CHU KANG CENTRAL,no,R2,
CK9A,BLK 228-239 CHOA CHU KANG CENTRAL,no,R1,
CLM,BLK 129A CLARENCE LANE,yes,R2,
CLRG,312 CLEMENTI AVE 4,yes,R2,
CLTR,BLK 311 CLEMENTI AVE 4,no,R2,
CM1,BLK 10 CANTONMENT CLOSE,yes,R1,
CR1,BLK 1/3/15/17 BEACH ROAD,no,R1,
CR1A,BLK 2 BEACH ROAD,yes,R2,
CR1B,BLK 3 BEACH ROAD,no,R2,
CR2,BLK 3/4 BEACH ROAD,no,R2,
CR3,BLK 9 NORTH BRIDGE ROAD,no,R2,
CR6,BLK 10 NORTH BRIDGE ROAD,no,R1,
CR7,BLK 464/463 CRAWFORD LANE,no,R1,
CSM,BLK 54 CHIN SWEE ROAD MSCP,yes,R1,
CTM1,BLK 441 COMMONWEALTH AVE WEST,no,R1,
CVBK,BLK 8C BOON KENG ROAD,no,R1,
CV1,BLK 1/1A TELOK PAKU ROAD,yes,R2,
CV2,BLK 3 CHANGI VILLAGE ROAD,yes,R1,
CV3,BLK 5 CHANGI VILLAGE ROAD,yes,R1,
C11,"BLK 321-322,324-326 CLEMENTI AVENUE 5",no,R2,
C15M,BLK 440 CLEMENTI AVE 3,no,R2,
C16,BLK 430-435 CLEMENTI AVE 3,yes,R2,
C18,BLK 426/428 CLEMENTI AVE 3,no,R2,
C18A,BLK 426/427 CLEMENTI AVE 3,yes,R2,
C19M,BLK 445 CLEMENTI AVE3,no,R1,
C21L,BLK 454 TO 460 CLEMENTI AVE 3,no,R1,
C28M,BLK 208 CLEMENTI AVE 6,yes,R1,
C29,BLK 501-505 WEST COAST DRIVE,yes,R1,
C29A,BLK 503 WEST COAST DRIVE,yes,R2,
C3ML,"BLK 419, 420 AND 420A CLEMENTI AVE 1",yes,R2,
C30,BLK 507-509 WEST COAST DRIVE,no,R2,
C31,BLK 510/511 WEST COAST ROAD,no,R2,
C33,BLK 601-613 CLEMENTI WEST STREET 1,no,R1,
C34,BLK 702/703 WEST COAST ROAD,yes,R1,
C35,BLK 704-714 CLEMENTI WEST STREET 2,no,R2,
C36,BLK 728/729 CLEMENTI WEST STREET 2,no,R1,
C37,"BLK 720-727,730-731 CLEMENTI WEST STREET 2",yes,R2,
C38,BLK 715-717 CLEMENTI WEST STREET 2,no,R1,
DRM1,BLK 104C DEPOT ROAD,no,R1,
DRM2,BLK 112C DEPOT ROAD,yes,R2,
DRM3,108A DEPOT ROAD,no,R1,
DRM4,BLK 105 DEPOT ROAD,no,R1,
DRM5,BLOCK 110 DEPOT ROAD,no,R1,
DRS,BLK 102A/102B DEPOT ROAD,no,R2,
DUXM,BLK 1 CANTONMENT ROAD,yes,R1,
DWSP,BLK 95A DAWSON ROAD,no,R2,
DWST,BLK 89A DAWSON ROAD,no,R2,
DWSV,BLK 85 DAWSON ROAD,no,R1,
DWVT,BLK 78A DAWSON ROAD,no,R1,
ECM,BLK 31A EUNOS CRESCENT,no,R1,
EC2,BLK 12-25 EUNOS CRESCENT,no,R1,
EC3,BLK 5-8/11/4A EUNOS CRESCENT,no,R1,
EC4,BLK 1-3/1A EUNOS CRESCENT,no,R1,
EC7,BLK 842-848 SIMS AVENUE,no,R1,
EC8,BLK 2A EUNOS MRT SIMS AVENUE,no,R2,
EI3,BLK 410/411/414-417 EUNOS ROAD 5,no,R1,
EPL,BLK 1/7 EVERTON PARK,no,R2,
FRM,BLK 808 FRENCH ROAD MSCP,yes,R2,
GEM,BLK 118 ALJUNIED AVE 2,yes,R1,
GEML,BLK 118 ALJUNIED AVE 2,no,R2,
GE1A,BLK 99-106/111-112 ALJUNIED CRESCENT,no,R2,
GE1B,BLK 114-117 ALJUNIED AVENUE 2,no,R2,
GE1C,BLK 119 ALJUNIED CRESCENT,no,R1,
GE1F,BLK 107-108 ALJUNIED CRESCENT,yes,R2,
GE1G,BLK 95 & 113 ALJUNIED CRESCENT,no,R2,
GE2,BLK 120 TO 123 GEYLANG EAST CENTRAL,no,R2,
GE3,BLK 124 TO 128 GEYLANG EAST AVE 1,no,R2,
GE5,BLK 129-134 GEYLANG EAST AVE 1/2,no,R1,
GMLM,BLK 24 GHIM MOH LINK,no,R2,
GM1M,31A GHIM MOH LINK,yes,R2,
GM2,BLK 7/8/9 GHIM MOH ROAD,yes,R2,
GM2A,BLK 8A GHIM MOH RD,no,R2,
GM3,BLK 19/20 GHIM MOH ROAD,yes,R1,
GM5,BLK 21 GHIM MOH ROAD,no,R2,
GM6A,BLK 13A GHIM MOH RD,yes,R2,
GM6B,BLK 16A GHIM MOH ROAD,no,R2,
GSM,BLK 2 GEYLANG SERAI,no,R2,
GSML,BLK 2 GEYLANG SERAI,no,R2,
HCM,BLK 104A HENDERSON CRESCENT,no,R2,
HE1,BLK 102/103/104 HENDERSON CRESCENT,yes,R2,
HE17,BLK 93/96 HENDERSON RD,yes,R1,
HE19,ALEXANDRA RD,yes,R1,
HE24,BLK 116 BUKIT MERAH VIEW,no,R1,
HE4,BLK 121/122 & 127 BUKIT MERAH VIEW,yes,R1,
HE9,BLK 118/119 BUKIT MERAH VIEW,yes,R1,
HG1,"BLK 1,2,6,7 HOUGANG AVE 3",no,R1,
HG1A,BLK 470 UPPER SERANGOON CRESCENT,no,R1,
HG1B,BLK 475 UPPER SERANGOON CRESCENT,no,R2,
HG1C,BLK 476 UPP SERANGOON VIEW,no,R1,
HG1D,BLK 376 HOUGANG ST 32,yes,R1,
HG1E,BLK 377 HOUGANG STREET 32,yes,R2,
HG11,BLK 301-319 HOUGANG AVENUE 5,no,R2,
HG12,BLK 320-324 HOUGANG AVENUE 5,yes,R2,
HG13,BLK 325/326 HOUGANG AVENUE 7,yes,R2,
HG14,"BLK 327-328,332-334,358-363 HOUGANG AVENUE 5",yes,R2,
HG15,BLK 208-210 HOUGANG STREET 21,no,R2,
HG16,BLK 211-212 HOUGANG STREET 21,yes,R2,
HG17,BLK 231/233/235/237 HOUGANG STREET 21,no,R2,
HG18,BLK 230/232/234/236/238 HOUGANG AVENUE 1,no,R2,
HG19,BLK 138-145 LORONG AH SOO,yes,R2,
HG2,BLK 15-18 HOUGANG AVE 3,no,R1,
HG2A,BLK 473 UPP SERANGOON CRESCENT,yes,R1,
HG2B,BLK 933 HOUGANG AVENUE 9,no,R1,
HG2C,BLK 364 / 365 UPP SERANGOON RD,no,R2,
HG2D,"BLK 581,582 AND 582A BUANGKOK GREEN",no,R1,
HG20,BLK 128-137 LORONG AH SOO,yes,R2,
HG23,BLK 239-246 HOUGANG STREET 22,no,R1,
HG24,BLK 247-254 HOUGANG AVENUE 3,yes,R1,
HG25,BLK 205 HOUGANG STREET 21,no,R2,
HG29,BLK 351-357 HOUGANG AVENUE 7,yes,R2,
HG3B,BLK 991 BUANGKOK LINK,yes,R2,
HG3D,BLK 998 BUANGKOK CRESCENT,no,R1,
HG3E,BLK 993 BUANGKOK LINK,yes,R2,
HG3L,"BLK 993A-993B, 994A-994C, 995A-995C, BUANGKOK CRESCENT/BUANGKOK LINK",yes,R2,
HG30,BLK 464-468 HOUGANG AVENUE 10,no,R2,
HG31,BLK 414-416 HOUGANG AVENUE 10,yes,R2,
HG32,BLK 601-608 HOUGANG AVENUE 4,no,R1,
HG33,BLK 609-621 HOUGANG AVENUE 8,yes,R2,
HG34,BLK 622-632 HOUGANG AVENUE 8,no,R1,
HG35,"BLK 701-702,707-710 HOUGANG AVENUE 2",no,R2,
HG36,"BLK 703-706,711-712 HOUGANG AVENUE 2",no,R2,
HG37,BLKS 501-507 HOUGANG AVENUE 8,no,R1,
HG38,"BLK 508-517,520-533 HOUGANG AVENUE 10",no,R2,
HG39,HOUGANG SPORTS COMPLEX,no,R1,
HG4,BLK 19-23 HOUGANG AVE 3,no,R2,
HG42,BLK 643-646/649-662/665-667 HOUGANG AVENUE 8,yes,R1,
HG45,BLK 685-691 HOUGANG STREET 61,yes,R2,
HG46,BLK 692-698 HOUGANG STREET 61,no,R2,
HG47,BLK 805 HOUGANG CENTRAL,no,R2,
HG48,BLK 417-434 HOUGANG AVE 6/8/10,no,R2,
HG49,BLK 435-458 HOUGANG AVE 6/8,no,R2,
HG5,BLK 24/25 HOUGANG AVE 3,no,R2,
HG50,BLK 534-545 HOUGANG AVENUE 8,yes,R2,
HG51,BLK 546-555 HOUGANG STREET 51,yes,R1,
HG52,BLK 556-566 HOUGANG STREET 51,yes,R2,
HG53,BLK 830A HOUGANG CENTRAL,yes,R1,
HG54,BLK 220-222 HOUGANG STREET 21,yes,R2,
HG55,BLK 814 HOUGANG AVENUE 10,yes,R2,
HG56,BLK 830-835 HOUGANG CENTRAL,yes,R1,
HG60,BLK 548A HOUGANG STREET 51,no,R2,
HG61,BLK 559A HOUGANG STREET 51,yes,R1,
HG62,BLK 566A HOUGANG STREET 51,yes,R1,
HG67,"BLK 401-413, 460-463 HOUGANG AVENUE 10",no,R1,
HG68,BLK 838A HOUGANG CENTRAL,yes,R1,
HG69,BLK 850A HOUGANG CENTRAL,no,R1,
HG7,BLK 109-127 HOUGANG AVENUE 1,no,R1,
HG70,BLK 567A HOUGANG STREET 51,no,R2,
HG71,BLK 574A HOUGANG STREET 51,no,R2,
HG73,BLK 909A HOUGANG STREET 91,no,R1,
HG74,BLK 166A HOUGANG AVENUE 1,no,R1,
HG75,BLK 172A HOUGANG AVENUE 1,yes,R1,
HG76,BLK 159A HOUGANG STREET 11,yes,R1,
HG77,BLK 919A HOUGANG AVENUE 4,no,R2,
HG78,BLK 925A HOUGANG STREET 91,no,R2,
HG79,BLK 931A HOUGANG STREET 91,yes,R2,
HG80,BLK 941A HOUGANG STREET 92,yes,R1,
HG86,BLK 946A HOUGANG STREET 92,no,R1,
HG87,BLK 955A HOUGANG AVENUE 9,yes,R2,
HG88,BLK 699D HOUGANG STREET 52,no,R1,
HG89,BLK 435A HOUGANG AVE 8,no,R1,
HG9,BLK 201-204 HOUGANG STREET 21,no,R1,
HG9T,BLK 206 HOUGANG ST 21,no,R1,
HG90,BLK 966A HOUGANG AVENUE 9,no,R2,
HG91,BLK 971A HOUGANG STREET 91,no,R2,
HG92,BLK 373A HOUGANG STREET 31,yes,R1,
HG93,BLK 980 BUANGKOK CRESCENT,yes,R2,
HG94,BLK 984 BUANGKOK LINK,no,R1,
HG95,BLK 105 HOUGANG AVENUE 1,no,R1,
HG96,BLK 108 HOUGANG AVE 1,no,R1,
HG97,BLK 804 HOUGANG AVE 10,no,R1,
HG98,BLK 988 BUANGKOK GREEN,yes,R2,
HG99,BLK 174A-174D HOUGANG AVENUE 1,no,R2,
HRM,BLK 96 HENDERSON ROAD,no,R2,
HR1,BLK 1-3 HAIG RD,yes,R2,
HR2,BLK 4-6 HAIG RD,no,R1,
HR3,BLK 7 TO 9 HAIG RD,no,R1,
HR4,BLK 10 TO 14 HAIG RD,yes,R1,
HR5,BLK 21 TO 23 HAIG RD,yes,R2,
HVM,BLK 51 HAVELOCK ROAD,no,R2,
H12,BLK 1/5 DELTA AVE,no,R2,
H14,BLK 96 HAVELOCK ROAD MSCP,no,R2,
H17,BLK 28A BEO CRESCENT,yes,R2,
H18,BLK 44A HAVELOCK ROAD,no,R2,
H3,BLK 87 ZION RD,yes,R1,
H4,BLK 22 HAVELOCK RD,yes,R1,
H6,BLK 77/79 GANGES AVENUE,no,R1,
H8,BLKS 4-8 TAMAN HO SWEE,no,R1,
H93L,"BLK 978C TO 981D, 982, 987A TO 988C BUANKOK CRESCENT/GREEN",no,R1,
JCM,BLK 2 JOO CHIAT RD,no,R1,
JCML,BLK 2 JOO CHIAT RD,no,R2,
JMB2,BLK 18A JALAN MEMBINA,yes,R1,
JMB3,BLK 26 JALAN MEMBINA,no,R1,
JM11,BLK 686 JURONG WEST CENTRAL 1,yes,R1,
JM16,BLK 659 JURONG WEST ST 65,yes,R1,
JM17,BLK 660 JURONG WEST ST 64,yes,R2,
JM2,BLK 682 JURONG WEST CENTRAL 1,no,R1,
JM20,BLK 657 JURONG WEST STREET 65,no,R1,
JM21,BLK 651 JURONG WEST STREET 61,no,R1,
JM24,BLK 655 JURONG WEST STREET 61,no,R1,
JM26,BLK 675 JURONG WEST ST 64,no,R1,
JM27,BLK 676 JURONG WEST ST 64,no,R1,
JM3,BLK 679 JURONG WEST CENTRAL 1,yes,R2,
JM32,697 JURONG WEST CTRL 3,no,R2,
JM4,BLK 684 JURONG WEST ST 64,yes,R1,
JM5,BLK 664 JURONG WEST ST 64,no,R1,
JM6,BLK 663 JURONG WEST ST 65,yes,R2,
JM8,BLK 667 JURONG WEST ST 65,yes,R2,
JM9,BLK 650 JURONG WEST ST 61,no,R2,
JSA1,BLK 499 JURONG WEST ST 41,no,R1,
JSR2,BLK 686 JURONG WEST CTRL 1,yes,R1,
JS1L,BLK 692A JURONG WEST CTRL 3,no,R2,
JS3L,BLK 624A JURONG WEST ST 61 (SERVICE ROAD),yes,R1,
JS4L,BLK 337 TAH CHING RD,yes,R2,
JS5L,BLK 647A JURONG WEST ST 61,yes,R2,
J17,BLK 305/306 JURONG EAST ST 32,no,R1,
J19,BLK 309/310 JURONG EAST ST 32,yes,R1,
J20,BLK 311/316 JURONG EAST ST 32,no,R2,
J21,BLK 317/328 JURONG EAST STREET 31,yes,R1,
J24,BLK 342/346 JURONG EAST STREET 31,no,R1,
J25,BLK 347/350 JURONG EAST AVE 1,no,R2,
J26,BLK 351/353 JURONG EAST STREET 31,no,R2,
J29,BLK 528/534 JURONG WEST STREET 52,no,R2,
J35,BLK 508/511 JURONG WEST STREET 51/52,no,R2,
J44,BLK 478-483 JURONG WEST STREET 41,no,R1,
J47,BLK 502/503 JURONG WEST AVENUE 1,no,R2,
J49M,560 JURONG WEST ST 42,yes,R2,
J5,BLK 207/208 JURONG EAST ST 21,no,R2,
J6,BLK 209/214 JURONG EAST ST 21,no,R1,
J64,BLK 354 JURONG EAST AVE 1,yes,R2,
J66,BLK 959-961 JURONG WEST STREET 92,no,R1,
J67,BLK 962-966 JURONG WEST STREET 91,yes,R2,
J68M,BLK 962A JURONG WEST STREET 91,no,R2,
J7,BLK 215A/231 JURONG EAST ST 21,yes,R2,
J74M,BLK 712B JURONG WEST ST 71 JURONG WEST STREET 71,no,R1,
J8M,BLK 240C JURONG EAST AVE 1,yes,R1,
KAM,BLK 335 KRETA AYER MSCP,no,R2,
KAML,KAM KRETA AYER (LOADING BAY),no,R2,
KAS,BLK 333 KRETA AYER CAR PARK,no,R1,
KB18,BLK 45-48 BENDEMEER ROAD,no,R1,
KB20,BLK 49A WHAMPOA SOUTH,yes,R1,
KEM1,BLK 671 KLANG LANE,no,R2,
KE1,BLK 101/121 BEDOK RESERVOIR ROAD,no,R1,
KE2,BLK 122/126 BEDOK RESERVOIR ROAD,no,R2,
KE3,"BLK 127/135, 141/151 BEDOK RESERVOIR ROAD",no,R1,
KE3M,BLK 145A BEDOK RESERVOIR ROAD,yes,R2,
KE4,BLK 136/140 BEDOK RESERVOIR ROAD,no,R2,
KJML,BLK 14A FARRER PARK ROAD,no,R1,
KJM1,BLK 37A CAMBRIDGE ROAD,yes,R1,
KJM2,BLK 14A FARRER PARK RD,yes,R2,
KJ1,BLK 9/10 GLOUCESTER ROAD,no,R1,
KJ2,BLK 49/50 DORSET ROAD,yes,R2,
KJ3,BLK 48/48A DURHAM ROAD,no,R2,
KJ4,BLK 51/54 KENT ROAD,no,R1,
KM1,BLK 56A CASSIA CRESCENT,yes,R2,
KU1,BLK 301/305-306/311-318 UBI AVENUE 1,no,R2,
KU2,BLK 319-330 UBI AVENUE 1,no,R1,
KU3,BLK 331-341 UBI AVENUE 1,no,R2,
KU4,BLK 342-352 UBI AVENUE 1,yes,R2,
KU9,"BLK 302,304 UBI AVENUE 1",yes,R1,
K10,"BLK 28,30,32,34,36 CASSIA CRESCENT",no,R2,
K19,BLK 62 DAKOTA CRESCENT,yes,R1,
K52,BLK 52 CASSIA CRESCENT,yes,R2,
L1,BLK 415-420 LOR LEW LIAN,yes,R1,
MM6,BLK 82 CIRCUIT ROAD,no,R2,
MNM,BLK 113 MCNAIR ROAD,no,R2,
MP14,BLK 81/82 MARINE PARADE ROAD,yes,R2,
MP15,BLK 83/87 MARINE PARADE ROAD,yes,R1,
MP16,BLK 84 TO 86 MARINE PARADE ROAD,yes,R2,
MP19,BLK 89 MARINE PARADE CTRL,yes,R2,
M33,BLK 125 TO 126 ALJUNIED ROAD,yes,R2,
NTL,BLK 601 - 605A/D TAMPINES AVE 9/ ST 61,no,R2,
NT1,BLK 601 TAMPINES AVE 9,no,R1,
NT2,BLK 605 TAMPINES ST 61,yes,R1,
NT3,BLK 609 TAMPINES NTH DR 1,yes,R2,
NT4,613 TAMPINES NTH DR 1,yes,R1,
NT5,BLK 618 TAMPINES STREET 61,no,R1,
PDC4,BLK 475 CHOA CHU KANG AVE 3,yes,R2,
PDC5,BLK 533A CHOA CHU KANG ST 51,yes,R2,
PDJ3,BLK 399 YUNG SHENG RD,no,R2,
PDJ7,BLK 762A JURONG WEST ST 75,no,R1,
PDP4,BLK 446A FAJAR ROAD,yes,R1,
PDP5,BLK 524A JELAPANG ROAD,yes,R2,
PDQ5,BLK 57 DAWSON RD,no,R2,
PDR2,BLK 258 PASIR RIS ST 21,no,R1,
PDR6,BLK 624A ELIAS RD,no,R1,
PDR7,BLK 734 PASIR RIS ST 72,no,R2,
PDS1,BLK 118 RIVERVALE DR,yes,R2,
PDT8,BLK 866A TAMPINES ST 83,no,R1,
PDW5,BLK 548 WOODLANDS DR 44,yes,R2,
PDW7,BLK 768 WOODLANDS AVE 6,no,R1,
PDW8,BLK 888A WOODLANDS DR 50,yes,R1,
PD8W,BLK 883A WOODLANDS ST 82,no,R1,
PL10,BLK 174 PUNGGOL FIELD,no,R2,
PL11,BLK 175 PUNGGOL FIELD,no,R2,
PL12,BLK 137 EDGEDALE PLAINS,no,R2,
PL13,BLK 131 EDGEDALE PLAINS,yes,R2,
PL17,BLK 642 PUNGGOL DRIVE,no,R2,
PL18,BLK 162 PUNGGOL CENTRAL,yes,R1,
PL20,BLK 638 PUNGGOL DRIVE,yes,R2,
PL21,BLK 166 PUNGGOL CENTRAL,yes,R2,
PL22,BLK 644 PUNGGOL CENTRAL,no,R2,
PL26,BLK 650 PUNGGOL CENTRAL,no,R2,
PL28,BLK 194 PUNGGOL ROAD,no,R2,
PL36,BLK 305 PUNGGOL ROAD,no,R1,
PL43,BLK 288 PUNGGOL PLACE,no,R1,
PL47,BLK 207 PUNGGOL PLACE,no,R2,
PL49,BLK 210 PUNGGOL PLACE,no,R1,
PL52,BLK 312 SUMANG LINK,no,R1,
PL53,BLK 266 PUNGGOL WAY,no,R2,
PL54,BLK 259 PUNGGOL FIELD,yes,R1,
PL55,BLK 261 PUNGGOL WAY,yes,R1,
PL56,BLK 672 EDGEFIELD PLAINS,yes,R1,
PL57,BLK 665 PUNGGOL DRIVE,no,R1,
PL58,663  PUNGGOL DRIVE,yes,R1,
PL60,BLK 670 EDGEFIELD PLAINS,no,R2,
PL61,BLK 678 PUNGGOL DRIVE,no,R2,
PL62,BLK 256 SUMANG WALK,no,R2,
PL66,BLK 121 EDGEDALE PLAINS,no,R2,
PL70,BLK 226 SUMANG LANE,no,R1,
PL71,BLK 682 EDGEDALE PLAINS EDGEDALE PLAINS,yes,R1,
PL75,BLK 325 SUMANG WALK,no,R1,
PL77,BLK 659 PUNGGOL EAST ROAD,no,R1,
PL78,BLK 322 SUMANG WALK,no,R2,
PM15,BLK 158A PASIR RIS STREET 13,yes,R2,
PM2,BLK 220A PASIR RIS STREET 21,no,R1,
PM20,BLK 526 PASIR RIS STREET 51,yes,R2,
PM21,BLK 530 PASIR RIS DR 1,yes,R1,
PM22,BLK 555A PASIR RIS STREET 51,no,R2,
PM24,BLK 561A PASIR RIS STREET 51,yes,R1,
PM35,BLK 700A PASIR RIS DRIVE 10,yes,R2,
PM4,BLK 231A PASIR RIS DRIVE 4,yes,R1,
PM43,BLK 757A PASIR RIS ST 71,no,R1,
PM44,BLK 762A PASIR RIS STREET 71,yes,R2,
PM46,BLK 782A PASIR RIS STREET 71,yes,R1,
PM5,BLK 235A PASIR RIS STREET 21,yes,R1,
PM9,BLK 216A PASIR RIS STREET 21,no,R2,
PP6,BLK 146 POTONG PASIR AVENUE 2,yes,R1,
PRM,BLK 33 PARK CRESCENT MSCP,no,R2,
PRS1,BLK 212A PASIR RIS STREET 21,yes,R1,
PR10,BLK 467/477 PASIR RIS DRIVE 6,yes,R1,
PR12,BLK 544/556 PASIR RIS STREET 51,no,R1,
PR14,BLK 557-562 PASIR RIS ST 51,yes,R1,
PR2,BLK 109/129 PASIR RIS STREET 11,yes,R2,
PR3,BLK 531/536 PASIR RIS DR 1/PASIR RIS CENTRAL,no,R1,
PR4,BLK 406/411 PASIR RIS DRIVE 6,yes,R2,
PR6,BLK 441/445 PASIR RIS DRIVE 6,yes,R1,
P11,BLK 416 PANDAN GARDENS,no,R2,
P12,BLK 415 PANDAN GARDENS,no,R1,
P13,BLK 401/402 PANDAN GARDENS,yes,R2,
P14,BLK 403/408 PANDAN GARDENS,yes,R1,
P15,BLK 413 PANDAN GARDENS,no,R2,
P16,BLK 412/414 PANDAN GARDENS,no,R1,
P17,BLK 409/411 PANDAN GARDENS,no,R1,
P7,BLK 119 EDGEFIELD PLAINS,no,R2,
P8,BLK 126 EDGEDALE PLAINS,no,R2,
P9,BLK 128 PUNGGOL FIELD WALK,yes,R1,
Q41,BLK 80 STRATHMORE AVENUE,no,R2,
Q66,BLK 117 COMMONWEALTH DRIVE,yes,R1,
Q67,BLK 116-118 COMMONWEALTH CRESCENT,yes,R2,
Q70,BLK 99/102 COMMONWEALTH CRESCENT,no,R2,
Q73,BLK 91/92 COMMONWEALTH DRIVE,yes,R1,
Q94,BLK 102 COMMONWEALTH CRESCENT,no,R1,
RC2,BLK 103/104 JALAN RAJAH,yes,R1,
RC3,BLK 105/108 JALAN RAJAH,no,R2,
SAM,BLK 60A STRATHMORE AVENUE,yes,R2,
SB1,BLK 306B CANBERRA ROAD,no,R2,
SB10,BLK 481A SEMBAWANG DRIVE,yes,R2,
SB11,BLK 476A SEMBAWANG DRIVE,no,R2,
SB12,BLK 424A CANBERRA ROAD,no,R2,
SB13,BLK 404A ADMIRALTY LINK,no,R2,
SB17,BLK 504 MONTREAL DRIVE,yes,R2,
SB20,BLK 505 CANBERRA LINK,no,R2,
SB25,BLK 588 MONTREAL DRIVE,no,R2,
SB32,BLK 591 MONTREAL LINK,no,R1,
SB35,BLK 120 CANBERRA CRES,no,R2,
SB36,BLK 121 CANBERRA ST,no,R2,
SB37,BLK 106 CANBERRA STREET,yes,R1,
SB38,BLK 129 CANBERRA ST,no,R1,
SB39,BLK 108 CANBERRA WALK,yes,R1,
SB40,BLK 115 CANBERRA WALK,no,R1,
SB41,BLK 361 SEMBAWANG CRES,yes,R2,
SB42,BLK 365 SEMBAWANG CRES,no,R2,
SB43,BLK 117 CANBERRA CRESCENT,no,R2,
SB44,BLK 102 CANBERRA STREET,no,R1,
SB45,BLK 132 CANBERRA VIEW,yes,R1,
SB46,BLK 126 CANBERRA STREET,no,R2,
SB6,BLK 306A CANBERRA ROAD,yes,R1,
SB7,BLK 336A SEMBAWANG CRESCENT,no,R1,
SB8,BLK 330A SEMBAWANG CLOSE,no,R2,
SB9,BLK 335A SEMBAWANG CLOSE,no,R1,
SD1,BLK 40-44 SIMS DRIVE,yes,R2,
SE12,BLK 211-222 SERANGOON AVENUE 4,no,R2,
SE37,BLK 519 SERANGOON NORTH AVENUE 4,no,R2,
SE42,BLK 512A SERANGOON NORTH AVE 4,yes,R2,
SE43,BLK 510 SERANGOON NORTH AVE 4,no,R1,
SE5L,BLK 150 SERANGOON NORTH AVENUE 2,no,R2,
SE51,BLK 257A SERANGOON CENTRAL DRIVE,no,R2,
SE52,NEXT TO BLK 226 SERANGOON AVE 4,yes,R1,
SE9,BLK 135/141 SERANGOON NORTH AVE 2,no,R2,
SGTM,BLK 25A/26/26A/26B ST.GEORGE'S LANE,no,R1,
SH1,BLK 301-313 SHUNFU ROAD,no,R2,
SI13,BLK 221/235 SIMEI STREET 4,yes,R1,
SK1,BLK 133A RIVERVALE STREET,yes,R2,
SK34,BLK 299 COMPASSVALE STREET,no,R2,
SK35,BLK 297 COMPASSVALE STREET,no,R1,
SK52,"BLK 318,316A-316C SK52/56 ANCHORVALE LINK",no,R2,
SK53,"BLK 313,315A-315C SK53/57 ANCHORVALE ROAD",no,R1,
SK55,BLK 160 RIVERVALE CRESCENT,no,R2,
SK61,BLK 406 FERNVALE RD,yes,R2,
SK76,BLK 210 COMPASSVALE LANE,yes,R2,
SK79,BLK 212 COMPASSVALE DRIVE,no,R2,
SK8,BLK 126A RIVERVALE STREET,no,R1,
SK82,BLK 182 RIVERVALE CRESCENT,yes,R2,
SK84,BLK 180 RIVERVALE CRESCENT,no,R2,
SK97,BLK 350 ANCHORVALE ROAD,yes,R1,
SK98,BLK 414 FERNVALE LINK,yes,R2,
SK99,BLK 468 FERNVALE LINK,no,R2,
SLS,BLK 4 SAGO LANE CAR PARK,yes,R2,
SMM,BLK 53A STRATHMORE AVENUE,yes,R1,
S100,BLK 472 FERNVALE STREET,no,R1,
S103,BLK 293 COMPASSVALE CRESCENT,yes,R1,
S104,BLK 215 COMPASSVALE DRIVE,no,R2,
S105,BLK 217 COMPASSVALE DRIVE,yes,R2,
S106,BLK 278 COMPASSVALE BOW,no,R1,
S107,BLK 338 ANCHORVALE CRESCENT,no,R1,
S108,BLK 289 COMPASSVALE CRESCENT,no,R1,
S109,BLK 417 FERNVALE LINK,no,R1,
S110,BLK 351 ANCHORVALE ROAD,no,R2,
S111,BLK 455 SENGKANG WEST AVE,yes,R1,
S113,BLK 353 ANCHORVALE LANE,no,R2,
S13L,351A-351D ANCHORVALE ROAD,yes,R1,
S14L,"353A-353B,355A,356A-356B ANCHORVALE LANE",no,R1,
S36L,BLK 121A AND 121B CANBERRA STREET,no,R2,
S38L,"BLK 128A, 128B, 129A AND 130A CANBERRA STREET AND CANBERRA CRESCENT",no,R1,
S39L,BLK 542A/542 SERANGOON NORTH AVENUE 4,no,R2,
S40L,BLK 115B AND 115C CANBERRA WALK,yes,R1,
TBC2,BLK 23A TELOK BLANGAH CRESCENT,yes,R1,
TBL,BLK 90B TELOK BLANGAH ST 31,yes,R1,
TBM8,BLK 90 TELOK BLANGAH STREET 31,no,R2,
TGM4,BLK 57A TEBAN GARDENS RD,yes,R2,
TJ41,BLK 140 CORPORATION DRIVE,no,R2,
TJ42,BLK 150 CORPORATION DRIVE,no,R2,
TM46,BLK 522 TAMPINES CTRL 7,no,R2,
TM47,BLK 519 TAMPINES CENTRAL 8,no,R1,
TM52,BLK 492 TAMPINES ST45,yes,R2,
TM53,BLK 859B TAMPINES AVE 5,yes,R2,
TM54,BLK 875A TAMPINES STREET 86,no,R2,
TM55,BLK 873A BLK 873A TAMPINES STREET 86,no,R2,
TPL,BLK 5/7 TANJONG PAGAR,no,R1,
TPMQ,BLK 130 LORONG 1 TOA PAYOH,no,R1,
TPMR,BLK 261A TOA PAYOH EAST,yes,R1,
TRM,BLK 14A KAMPONG ARANG ROAD,yes,R1,
TWM4,BLK 165 TECK WHYE CRESCENT,no,R2,
T47,BLK 857/864 TAMPINES STREET 83/AVE 5,no,R2,
T47A,BLK 864B TAMPINES STREET 83,no,R2,
T58,BLK 872A TAMPINES ST 86,no,R2,
U69,BLK 467 BUKIT BATOK WEST AVE 9,no,R1,
Z01,25 Toa Payoh Lorong 8,yes,R4,
Z02,45 Burghley Drive,no,R4,
Z03,Ang Mo Kio Hub,no,R6,
Z04,Balestier Plaza,no,R9,
Z05,Balestier Point,no,R10,
Z06,Bras Basah Complex,yes,R9,
Z07,Causeway Point,yes,R9,
Z08,Central Place,yes,R10,
Z09,City Square Mall,no,R6,
Z10,Compass Point,yes,R4,
Z11,Goldhill Plaza,no,R6,
Z12,Heartland Mall,yes,R10,
Z13,Hindoo Road Off-Street,yes,R4,
Z14,Hougang Green Shopping Mall,no,R3,
Z15,Hougang Mall,no,R5,
Z16,Hougang Plaza,no,R9,
Z17,Junction 8 Shopping Centre,no,R9,
Z18,Kampong Bugis Off-Street,no,R9,
Z19,Kampong Kapor Road Off-Street,no,R7,
Z20,Mustafa Centre,yes,R9,
Z21,Nex Mall,yes,R4,
Z22,Northpoint Shopping Centre,no,R6,
Z23,Parliament House,no,R6,
Z24,Ramada Hotel,yes,R10,
Z25,Rivervale Mall,yes,R3,
Z26,Sembawang Shopping Centre,no,R8,
Z27,Shaw Plaza,no,R8,
Z28,Shrewsbury Road Off-Street,no,R8,
Z29,Square 2,no,R9,
Z30,Sun Plaza,no,R8,
Z31,The Verge,yes,R10,
Z32,Thomson Plaza,no,R5,
Z33,Toa Payoh HDB Hub,no,R8,
Z34,United Square Shopping Mall,yes,R7,
Z35,Velocity @ Novena Square,no,R9,
Z36,Yishun YS-ONE,no,R9,
Z37,112 Katong,yes,R7,
Z38,Bedok Mall,no,R9,
Z39,Bedok Point,yes,R5,
Z40,Century Square,yes,R9,
Z41,Changi Airport - South Car Park (between T2 and JetQuay),no,R9,
Z42,"Changi Airport - T1, T2, T3",yes,R6,
Z43,Changi City Point,no,R5,
Z44,Changi Village Hotel,yes,R10,
Z45,City Plaza,no,R6,
Z46,D'Resort,no,R8,
Z47,Downtown East,yes,R6,
Z48,East Coast Park E1/E2/E3 Off-Street,yes,R4,
Z49,Eastpoint Mall,yes,R8,
Z50,Grand Mecure Roxy Hotel,no,R3,
Z51,IKEA (Tampines),yes,R4,
Z52,Katong Shopping Centre,no,R10,
Z53,Katong Village,yes,R5,
Z54,Lifelong Learning Institute,yes,R9,
Z55,Paramount Hotel,no,R9,
Z56,Parkway Parade,no,R3,
Z57,Roxy Square,no,R3,
Z58,Singapore Expo,no,R3,
Z59,Singapore Post Centre,yes,R4,
Z60,Tampines 1,no,R5,
Z61,Tampines Junction,no,R10,
Z62,Tampines Mall,yes,R9,
Z63,Tampines Plaza (Compaq Centre),no,R5,
Z64,Telepark,no,R4,
Z65,White Sands Shopping Centre,no,R4,
Z66,Amara Hotel,no,R3,
Z67,Berjaya Hotel,yes,R8,
Z68,Carlton Hotel,no,R5,
Z69,Changi Village Hotel,yes,R8,
Z70,Concorde Hotel,no,R7,
Z71,Conrad Centennial Hotel,no,R5,
Z72,Copthorne King's Hotel,yes,R9,
Z73,Copthorne Orchid Hotel,no,R9,
Z74,Elizabeth Hotel,no,R9,
Z75,Four Seasons Hotel,yes,R6,
Z76,Furama City Centre Singapore,no,R10,
Z77,Furama Riverfront Singapore,no,R9,
Z78,Gallery Hotel,yes,R10,
Z79,Goodwood Park Hotel,no,R5,
Z80,Grand Copthorne Waterfront Hotel,no,R7,
Z81,Grand Hyatt Hotel,no,R3,
Z82,Grand Mercure Roxy Hotel,yes,R8,
Z83,Grand Pacific Hotel (Formerly Allson Hotel),yes,R6,
Z84,Grand Park City Hall Hotel,yes,R7,
Z85,Grand Park Orchard,no,R3,
Z86,Hilton Hotel,yes,R10,
Z87,Holiday Inn Atrium,no,R8,
Z88,Holiday Inn Express Singapore,no,R6,
Z89,Holiday Inn Singapore Orchard City Centre,no,R3,
Z90,Inter-continental Hotel,no,R6,
Z91,"klapsons, The Boutique Hotel",yes,R8,
Z92,Landmark Village Hotel (Formally Golden Landmark Hotel),no,R5,
Z93,M Hotel,no,R3,
Z94,Mandarin Orchard Singapore,no,R10,
Z95,Mandarin Oriental Hotel,no,R5,
Z96,Marina Bay Sands,no,R4,
Z97,Marina Mandarin Hotel,no,R6,
Z98,Novotel Clarke Quay,no,R4,
Z99,One Fullerton,yes,R8,
Z100,Orchard Grand Court Hotel,no,R9,
Z101,Orchard Hotel Shopping Arcade,yes,R7,
Z102,Orchard Parade Hotel,no,R9,
Z103,Pan Pacific Hotel,yes,R8,
Z104,Pan Pacific Orchard,no,R3,
Z105,Paramount Hotel,yes,R3,
Z106,PARKROYAL on Beach Road,no,R4,
Z107,Peninsula Excelsior Hotel,yes,R3,
Z108,Raffles Hotel,no,R5,
Z109,Ramada Hotel,no,R5,
Z110,Regent Hotel,no,R5,
Z111,Rendezvous Hotel,no,R9,
Z112,Royal Plaza On Scotts,yes,R10,
Z113,Shangri-la Hotel,no,R4,
Z114,Sheraton Towers Hotel,no,R9,
Z115,Singapore Marriott Hotel,no,R3,
Z116,Swissotel Merchant Court Hotel,no,R6,
Z117,Swissotel Stamford Hotel,yes,R4,
Z118,"The Ritz Carlton, Millenia Singapore",no,R4,
Z119,Traders Hotel,no,R5,
Z120,York Hotel,yes,R5,
Z121,313@Somerset,no,R6,
Z122,Angullia Park Off-Street,yes,R7,
Z123,Atrium @ Orchard,no,R9,
Z124,Cathay Cineleisure Orchard,no,R8,
Z125,ComCentre (Exeter Rd),no,R8,
Z126,Concorde Hotel,yes,R5,
Z127,Delfi Orchard,no,R7,
Z128,Elizabeth Hotel,no,R4,
Z129,Far East Plaza,no,R3,
Z130,Far East Shopping Centre,no,R3,
Z131,Forum The Shopping Mall,yes,R10,
Z132,Four Seasons Hotel,yes,R5,
Z133,Goodwood Park Hotel,no,R5,
Z134,Grand Hyatt Singapore,no,R9,
Z135,Grand Park Orchard,no,R7,
Z136,Grange Road Off-Street,yes,R10,
Z137,Hilton Hotel,yes,R7,
Z138,Holiday Inn Express Singapore,no,R8,
Z139,Holiday Inn Singapore Orchard City Centre,yes,R6,
Z140,International Building,no,R8,
Z141,ION Orchard,yes,R6,
Z142,Liat Towers,no,R4,
Z143,Lucky Plaza,yes,R3,
Z144,Mandarin Gallery,no,R6,
Z145,Meritus Mandarin Singapore,no,R6,
Z146,Ngee Ann City,no,R3,
Z147,OG Orchard Point,no,R4,
Z148,Orchard Building,yes,R3,
Z149,Orchard Central,no,R6,
Z150,Orchard Hotel Shopping Arcade,no,R9,
Z151,Orchard Parade Hotel,no,R6,
Z152,Orchard Plaza,no,R9,
Z153,Orchard Towers,no,R7,
Z154,orchardgateway,no,R10,
Z155,Pacific Plaza,no,R5,
Z156,Palais Renaissance,yes,R9,
Z157,Pan Pacific Orchard,yes,R3,
Z158,Paragon Shopping Centre,yes,R3,
Z159,Penang Road Off-Street,yes,R5,
Z160,Plaza Singapura,yes,R7,
Z161,Regent Hotel,no,R10,
Z162,Royal Plaza On Scotts,yes,R7,
Z163,Scape,yes,R5,
Z164,Shangri-la Hotel,no,R6,
Z165,Shaw Centre,yes,R3,
Z166,Shaw House,no,R7,
Z167,Sheraton Towers Singapore,no,R9,
Z168,Singapore Marriott Hotel,yes,R5,
Z169,Singapore Shopping Centre,yes,R7,
Z170,Starhub Centre,no,R9,
Z171,Tanglin Mall,no,R4,
Z172,Tanglin Shopping Centre,yes,R10,
Z173,Tangs,no,R9,
Z174,The Cathay,no,R7,
Z175,The Centrepoint,yes,R10,
Z176,The Heeren,no,R8,
Z177,Traders Hotel,no,R5,
Z178,TripleOne Somerset,yes,R6,
Z179,Wheelock Place,no,R3,
Z180,Winsland House,yes,R3,
Z181,Wisma Atria,no,R9,
Z182,York Hotel,no,R7,
Z183,Changi Chapel and Museum (The Changi Museum),no,R9,
Z184,Chinatown Heritage Centre,no,R10,
Z185,Chinese Garden,no,R10,
Z186,Haw Par Villa,no,R9,
Z187,Hay Dairies Goat Farm,yes,R5,
Z188,Jurong Bird Park,no,R6,
Z189,Labrador Secret Tunnel ( Labrador Park ),yes,R8,
Z190,Mandai Orchid Garden,no,R9,
Z191,Memories at Old Ford Factory,yes,R5,
Z192,Mount Faber (Jewel Box),no,R6,
Z193,National Museum of Singapore,yes,R10,
Z194,Reflections at Bukit Chandu,yes,R9,
Z195,Resorts World Sentosa - Universal Studios Singapore (RWS B1 car park),no,R10,
Z196,Royal Selangor Pewter Museum ( Park at Clarke Quay),no,R4,
Z197,Sentosa (Beach and Imbiah car park),yes,R4,
Z198,Sentosa (Tanjong & Palawan car park),no,R7,
Z199,Singapore Art Museum,yes,R9,
Z200,Singapore Botanic Gardens,no,R7,
Z201,Singapore City Gallery (URA centre),no,R3,
Z202,Singapore Flyer,no,R3,
Z203,Singapore Mint Coin Gallery,yes,R6,
Z204,Singapore Philatelic Museum,yes,R7,
Z205,Singapore Science centre/Singapore Discovery Centre / Snow City,yes,R9,
Z206,Singapore Turf Club (STC),no,R10,
Z207,Singapore Zoological gardens/Night Safari,no,R4,
Z208,Sungei Buloh Wetland Reserve,yes,R3,
Z209,The Arts House (Park at New Parliament House),yes,R7,
Z210,The Battle Box ( Park at Fort Canning,no,R10,
Z211,Underwater World Singapore,no,R3,
Z212,10 Raeburn Park,no,R5,
Z213,1557 Keppel Road,no,R10,
Z214,34 Boon Leat Terrace,no,R10,
Z215,798 Upper Bukit Timah Road,yes,R6,
Z216,8 Shenton Way,yes,R4,
Z217,Amara Hotel,no,R4,
Z218,Asia Square,yes,R4,
Z219,Bangkok Bank Building,no,R7,
Z220,Bayfront Avenue,yes,R4,
Z221,Berjaya Hotel,no,R4,
Z222,Bugis Junction,no,R10,
Z223,Burlington Square,yes,R3,
Z224,CapitaCommercial Trust (CCT),yes,R8,
Z225,Capital Square,no,R9,
Z226,Capital Tower,no,R7,
Z227,Carlton Hotel,yes,R7,
Z228,Central Mall,no,R9,
Z229,Central Â©,no,R9,
Z230,Chijmes,yes,R5,
Z231,China Square Central,no,R7,
Z232,Chinatown Point,no,R8,
Z233,Clarke Quay,no,R7,
Z234,Clifford Centre,yes,R5,
Z235,Conrad Centennial Singapore,no,R7,
Z236,Copthorne King's Hotel,no,R10,
Z237,Copthorne Orchid Hotel,yes,R9,
Z238,CPF Building Robinson Road,no,R5,
Z239,DBS Building,yes,R7,
Z240,Far East Square,no,R5,
Z241,Far Eastern Bank Building,no,R4,
Z242,Fortune Centre,yes,R8,
Z243,Fu Lu Shou Complex,no,R9,
Z244,Fullerton Hotel,no,R8,
Z245,Funan DigitaLife Mall,no,R10,
Z246,Furama City Centre Singapore,yes,R7,
Z247,Furama Riverfront Singapore,no,R7,
Z248,Gallery Hotel,no,R3,
Z249,Gillman Barracks,yes,R7,
Z250,Golden Mile Complex,yes,R5,
Z251,Golden Shoe Complex,no,R6,
Z252,Grand Copthorne Waterfront Hotel,no,R8,
Z253,Grand Pacific Hotel (Formerly Allson Hotel),yes,R3,
Z254,Grand Park City Hall,no,R3,
Z255,Great Eastern Centre,no,R7,
Z256,Great World City,no,R3,
Z257,Harbourfront Centre,no,R5,
Z258,Holiday Inn Atrium Singapore,no,R7,
Z259,Hong Leong Building,no,R7,
Z260,Hub Synergy Point (Formerly Apex tower),no,R9,
Z261,Icon Village,no,R10,
Z262,Iluma,no,R6,
Z263,Income At Raffles ( former Hitachi tower),yes,R8,
Z264,Inter-continental Singapore Hotel,no,R7,
Z265,International Plaza,no,R6,
Z266,Keck Seng Tower,yes,R9,
Z267,Keppel Bay Tower / Harbourfront Tower One,yes,R8,
Z268,Keypoint,yes,R5,
Z269,"klapsons, The Boutique Hotel",no,R7,
Z270,Landmark Village Hotel,yes,R6,
Z271,Liang Court,no,R9,
Z272,M Hotel,yes,R3,
Z273,Mandarin Oriental Hotel,no,R10,
Z274,"Marina Bay Financial Centre Tower 1, 2 ,3 & Marina Bay Link Mall",no,R10,
Z275,Marina Bay Sands,no,R10,
Z276,Marina Mandarin Hotel,no,R5,
Z277,Marina Square,no,R5,
Z278,Merchant Square,no,R6,
Z279,Millenia Singapore,no,R4,
Z280,Millenia Walk (Basement Car Park),no,R6,
Z281,Millenia Walk (Surface parking @ L1),no,R7,
Z282,Neil Road Off-Street,yes,R5,
Z283,North Bridge Centre,no,R6,
Z284,Novotel Clarke Quay,no,R8,
Z285,OCBC centre,no,R9,
Z286,One Fullerton,yes,R5,
Z287,One Raffles Quay,no,R9,
Z288,OUB Centre,no,R9,
Z289,OUE Bayfront (Formerly Overseas Union House),yes,R8,
Z290,Pan Pacific Hotel,no,R7,
Z291,Parklane Shopping Mall,no,R9,
Z292,PARKROYAL on Beach Road,no,R3,
Z293,Pearl's Centre,no,R3,
Z294,Peninsula Excelsior Hotel,no,R6,
Z295,Peninsular Plaza,yes,R6,
Z296,People's Park Centre,no,R3,
Z297,PoMo (Fomerly Paradiz Centre),yes,R9,
Z298,PWC Building,no,R7,
Z299,Raffles City,yes,R4,
Z300,Raffles Hotel,yes,R3,
Z301,Republic Plaza,yes,R9,
Z302,Resorts World Sentosa,no,R9,
Z303,Robertson Walk,no,R3,
Z304,Robinson 77 (Formerly SIA Building),yes,R6,
Z305,Robinson Centre,yes,R9,
Z306,"School of the Arts, Singapore (SOTA)",no,R4,
Z307,SGX Centre,yes,R9,
Z308,Shenton House,yes,R3,
Z309,Sim Lim Square,yes,R5,
Z310,Sim Lim Tower,yes,R6,
Z311,"Singapore General Hospital (Carpark C, E, G & I)",yes,R3,
Z312,Singapore General Hospital (Multi-Storey Carpark H),no,R6,
Z313,Singapore Land Tower,yes,R4,
Z314,Six Battery Road,no,R7,
Z315,Sunshine Plaza,yes,R5,
Z316,Suntec City,no,R4,
Z317,Swissotel Merchant Court Hotel,no,R7,
Z318,Swissotel The Stamford Hotel,no,R10,
Z319,Tanjong Katong Complex,no,R3,
Z320,The Adelphi,yes,R6,
Z321,The Concourse,no,R10,
Z322,The Corporate Office,no,R8,
Z323,The Esplanade,no,R8,
Z324,UE Square,yes,R9,
Z325,UOB Plaza,yes,R6,
Z326,Vivocity,yes,R5,
Z327,27 West Coast Highway,no,R7,
Z328,798 Upper Bukit Timah Road,no,R7,
Z329,Alexandra Retail Centre,yes,R3,
Z330,Anchorpoint Shopping Centre,no,R4,
Z331,Bukit Panjang Plaza,no,R3,
Z332,Bukit Timah Plaza (Multi-Storey Car Park),no,R6,
Z333,Bukit Timah Shopping Centre,no,R8,
Z334,Coronation Shopping Plaza,no,R10,
Z335,Holland Road Shopping Centre,yes,R3,
Z336,IKEA (Alexandra),yes,R10,
Z337,IMM Building,yes,R3,
Z338,JCube,no,R9,
Z339,Junction 10,yes,R10,
Z340,Jurong Point Shopping Centre,no,R6,
Z341,Jurong Theatre,no,R7,
Z342,Lot 1 Shopping Centre,no,R6,
Z343,NUH,yes,R7,
Z344,Queensway Shopping Centre,no,R3,
Z345,Savoy Theatre,no,R8,
Z346,Serene Centre,no,R7,
Z347,Sunshine Place,no,R9,
Z348,The Clementi Mall,yes,R3,
Z349,The Metropolis,no,R6,
Z350,The Star Vista,no,R3,
Z351,Tiong Bahru Plaza,no,R9,
Z352,Turf City,no,R10,
Z353,Valley Point,yes,R7,
Z354,West Coast Plaza (Ginza Plaza),no,R10,
Z355,West Mall,no,R6,
Z356,Westgate,no,R10,
Z357,Yew Tee Point,yes,R8,
